-- phpMyAdmin SQL Dump
-- version 4.6.5.2
-- https://www.phpmyadmin.net/
--
-- Host: 127.0.0.1
-- Generation Time: Nov 16, 2018 at 01:59 PM
-- Server version: 10.1.21-MariaDB
-- PHP Version: 5.6.30

SET SQL_MODE = "NO_AUTO_VALUE_ON_ZERO";
SET time_zone = "+00:00";


/*!40101 SET @OLD_CHARACTER_SET_CLIENT=@@CHARACTER_SET_CLIENT */;
/*!40101 SET @OLD_CHARACTER_SET_RESULTS=@@CHARACTER_SET_RESULTS */;
/*!40101 SET @OLD_COLLATION_CONNECTION=@@COLLATION_CONNECTION */;
/*!40101 SET NAMES utf8mb4 */;

--
-- Database: `kms-kmp`
--

-- --------------------------------------------------------

--
-- Table structure for table `explicit`
--

CREATE TABLE `explicit` (
  `id_explicit` int(11) NOT NULL,
  `id_pengguna` int(11) NOT NULL,
  `judul` varchar(255) NOT NULL,
  `deskripsi` longtext NOT NULL,
  `lampiran` varchar(255) NOT NULL,
  `status` varchar(255) NOT NULL,
  `waktu_buat` datetime NOT NULL
) ENGINE=InnoDB DEFAULT CHARSET=latin1;

--
-- Dumping data for table `explicit`
--

INSERT INTO `explicit` (`id_explicit`, `id_pengguna`, `judul`, `deskripsi`, `lampiran`, `status`, `waktu_buat`) VALUES
(4, 2, 'Training Report Agustus 2017 fungsi', '<p>Training Report Agustus 2017 fungsi</p>', 'Training_Report_Agustus_2017.xls', 'Valid', '2018-09-24 13:42:33'),
(6, 3, 'ccc', '<p>cccc<br></p>', 'penjelasan.pdf', 'Valid', '2018-10-09 13:00:35');

-- --------------------------------------------------------

--
-- Table structure for table `komentar_explicit`
--

CREATE TABLE `komentar_explicit` (
  `id_komentar_explicit` int(11) NOT NULL,
  `id_explicit` int(11) NOT NULL,
  `id_pengguna` int(11) NOT NULL,
  `komentar` varchar(255) NOT NULL,
  `waktu_komentar` datetime NOT NULL
) ENGINE=InnoDB DEFAULT CHARSET=latin1;

--
-- Dumping data for table `komentar_explicit`
--

INSERT INTO `komentar_explicit` (`id_komentar_explicit`, `id_explicit`, `id_pengguna`, `komentar`, `waktu_komentar`) VALUES
(4, 4, 2, 'hai', '2018-09-24 13:57:28'),
(5, 6, 3, 'aaa', '2018-11-09 09:52:53'),
(6, 6, 3, 'dssda', '2018-11-09 09:52:55');

-- --------------------------------------------------------

--
-- Table structure for table `komentar_tacit`
--

CREATE TABLE `komentar_tacit` (
  `id_komentar_tacit` int(11) NOT NULL,
  `id_tacit` int(11) NOT NULL,
  `id_pengguna` int(11) NOT NULL,
  `komentar` varchar(255) NOT NULL,
  `waktu_komentar` datetime NOT NULL
) ENGINE=InnoDB DEFAULT CHARSET=latin1;

--
-- Dumping data for table `komentar_tacit`
--

INSERT INTO `komentar_tacit` (`id_komentar_tacit`, `id_tacit`, `id_pengguna`, `komentar`, `waktu_komentar`) VALUES
(84, 7, 2, ':4', '2018-09-24 13:49:00'),
(85, 7, 2, 'asd', '2018-09-24 13:55:49');

-- --------------------------------------------------------

--
-- Table structure for table `pengguna`
--

CREATE TABLE `pengguna` (
  `id_pengguna` int(11) NOT NULL,
  `nip` varchar(255) NOT NULL,
  `nama` varchar(255) NOT NULL,
  `jenis_kelamin` varchar(255) NOT NULL,
  `alamat` varchar(255) NOT NULL,
  `jabatan` varchar(255) NOT NULL,
  `password` varchar(255) NOT NULL,
  `foto` varchar(255) NOT NULL,
  `thumbnail` varchar(255) NOT NULL,
  `level` int(11) NOT NULL
) ENGINE=InnoDB DEFAULT CHARSET=latin1 ROW_FORMAT=COMPACT;

--
-- Dumping data for table `pengguna`
--

INSERT INTO `pengguna` (`id_pengguna`, `nip`, `nama`, `jenis_kelamin`, `alamat`, `jabatan`, `password`, `foto`, `thumbnail`, `level`) VALUES
(2, '222', '222', 'Laki-laki', '222', 'Pegawai', '$2y$10$6n1hD8PitvQdO165TuEkLOikHRSaacRRkZBGpi8cQ6s35pdTSTxqO', '', '', 1),
(3, '333', '333', 'Laki-laki', '333', 'Admin', '$2y$10$QplF6T5iTrZ6eit0KG4EzebibiTYyrOfgCqH7eupC5Nb699Y0MzUu', '', '', 3),
(4, '111', '111', 'Laki-laki', '111', '111', '$2y$10$rLVpq9/6gwQH9iLDqgdykO7l5hnxGG3DJiZlTEnjjWc0ME.jyEOWC', '', '', 2);

-- --------------------------------------------------------

--
-- Table structure for table `tacit`
--

CREATE TABLE `tacit` (
  `id_tacit` int(11) NOT NULL,
  `id_pengguna` int(11) NOT NULL,
  `judul` varchar(255) NOT NULL,
  `deskripsi` longtext NOT NULL,
  `status` varchar(255) NOT NULL,
  `waktu_buat` datetime NOT NULL
) ENGINE=InnoDB DEFAULT CHARSET=latin1;

--
-- Dumping data for table `tacit`
--

INSERT INTO `tacit` (`id_tacit`, `id_pengguna`, `judul`, `deskripsi`, `status`, `waktu_buat`) VALUES
(7, 2, 'Apa yang dimaksud dengan Knowledge Management System?', '<p><strong><em>Knowledge Management</em></strong> adalah sebuah proses \r\nyang membantu perusahaan mengidentifikasi, memilih, mengorganisasikan, \r\nmenyebarkan, dan mentransfer informasi dan keahlian yang penting yang \r\nmerupakan bagian dari ingatan perusahaan dan yang biasanya berada di \r\ndalam perusahaan dalam bentuk yang tidak terstruktur. (Turban, et al \r\n2008)</p>\r\n<p>Turban, et al (2008, p.400) menjelaskan bahwa Knowledge Management \r\nSystem dikembangkan menggunakan tiga set teknologi, yaitu: komunikasi, \r\nkolaborasi, dan penyimpanan dan pengambilan.</p>\r\n<p>Sedangkan menurut Debowski (2006, p.151), terdapat tiga kriteria yang\r\n harus diraih agar implementasi Knowledge Management System dapat \r\nberhasil, antara lain:</p>\r\n<ol><li>\r\n<p>Sistem merefleksikan dan responsif terhadap kebutuhan perusahaan.</p>\r\n</li><li>\r\n<p>Sistem merefleksikan prinsip-prinsip Knowledge Management, terutama pendorong untuk kolaborasi dan komunikasi</p>\r\n</li><li>\r\n<p>Sistem merefleksikan perhatian yang dalam terhadap individual diseluruh fase pengembangannya.</p>\r\n</li></ol>\r\n<p>Secara umum, Debowski (2006) menyebutkan ada beberapa tahapan yang \r\nharus direncanakan dengan baik agar implementasi sistem sekompleks <em>Knowledge Management System</em> dapat berjalan dengan baik. Tahapan-tahapan tersebut adalah:</p>\r\n<ol><li>\r\n<p>Merumuskan kebutuhan akan <em>Knowledge Management System</em>.</p>\r\n</li><li>\r\n<p>Mengidentifikasi kebutuhan sistem.</p>\r\n</li><li>\r\n<p>Mengklarifikasikan spesifikasi sistem.</p>\r\n</li><li>\r\n<p>Mengevaluasi sistem-sistem yang potensial.</p>\r\n</li><li>\r\n<p>Memilih sistem dan/atau komponennya yang relevan.</p>\r\n</li><li>\r\n<p>Mengimplementasikan sistem.</p>\r\n</li><li>\r\n<p>Mengevaluasi penerimaan dan adopsi sistem.</p></li></ol><div style=\"text-align: center;\"><img style=\"width: 450.267px; height: 333.037px;\" src=\"data:image/jpeg;base64,/9j/4AAQSkZJRgABAQAASABIAAD/2wBDAAIBAQEBAQIBAQECAgICAgQDAgICAgUEBAMEBgUGBgYFBgYGBwkIBgcJBwYGCAsICQoKCgoKBggLDAsKDAkKCgr/2wBDAQICAgICAgUDAwUKBwYHCgoKCgoKCgoKCgoKCgoKCgoKCgoKCgoKCgoKCgoKCgoKCgoKCgoKCgoKCgoKCgoKCgr/wAARCAD6AVIDAREAAhEBAxEB/8QAHQABAAEEAwEAAAAAAAAAAAAAAAcBBQYIAgMECf/EAF0QAAECBQIDBAcEBQQJDw0AAAECAwAEBQYRByEIEjETQVFhCRQWIjJxgRVCUpEjU4KSoTNDYnIXOHN1orG0tfAKGCQlNDZEVHeTwcLR0vEZJidFRldjZZSjs7bh/8QAHAEBAAEFAQEAAAAAAAAAAAAAAAECAwQFBgcI/8QAPREAAgEDAgQEBAMFBwQDAAAAAAECAwQRBSEGEhQxEyJBURUyYXEjgZEHM0JSoRY0U7HB0fA1Q2LhcoKy/9oADAMBAAIRAxEAPwD7+QAgBACAEAIAQAgBACAEAIAQAgBACAKLVyjOcbwB4K5cNIt2nuVWu1iWkZZkZcmJp9KEJ+ZVtExp1arxBGPVr0qSzUlykQ3nxt6f0RapezqdO190dHG0pl5f99wcyv2UmNvb6LdV++xzl3xbYW75aa5mYFXONzVmeBTRqNQaajAwstuzS/oSpA+nL9Y2MOHeWXnkaCtxreSbVOmkWZHFvryvKl3rTk56JFEbGPzMZnwOziu2fzZgy4r1lvLqJfZR/wBjsluMDXiUmUvLuOkTaAd2XqOAlX1QsGKXoNtPaKw/uyqnxZq8Z5dRP6NL/RZMpt3juuWXWhu9NPpR5H33qPP8i/mG3Rj6c+Y19bh6ovkkbajxrKK/FpZ+xK+nXEppPqPMIp1LucSk+4PdptUR6u8o+Ceb3V9/wkxp7iyubf5onT6fr2nakvw54fs9mZ4HfxLA88iMRZ9Ubfzt9jmkg9DmG5KfoVgSIAQAgBACAEAIAQAgBACAEAIAQAgBACAEAIAQAgBACAEAIAQAgBACAEAIA4OOKQQEoz9YLuSlkj3iE4iLS0ItEVasBMxUJzmTSqYHeVUwoDdRP3W05ypXdGZZWla7niK2NLrGrW+l0Oao936Gk+ouu126pVw1y9qz6wpK8y0qnKZeXT3BCM4/aOVHxj0C00q2taKfqePajxDX1Ou057IsaLxZQMCYT1Jz4/6eMZMqM2at3SmvN3K+2bKvicbI7zjcxVGhhb7lHWOK5cD2yYHwOpT8hFXgpfKUSueb0BvNrvmREeExG4akDejXQTIxDwl7Fzx4vuzi/d0rMJCHFoUBunPj47d/nFurbKqt0XFeck+dd/cmXh/41qlYszLWvqTVHqlQMpSiedVzP08dASo7ut+R94DOCcYjn7/QnOMqlLZna6Bxi6U1RryzFd23ujcuk1KTq8k1U6a+29LzDSXGH2lhSXEKGQoEdQRvHFYlGbjL0PU6VSlWgqlN5TPVneJLi3EAIAQAgBACAEAIAQAgBACAEAIAQAgBACAEAIAQAgBACAEAIAQAgBACAEAdb60t++4rCQMk+UUvMnyooqSUVl9kfKziR17qGsOtFaut6bcMo3MrlaUwfhZlm1FKAAehVgqPmryj1zR9OpWlhHmXme583cTcQVdU1Sos+WLwjB/aVSUlKFmNj4UJvzHOxuOT5Th7Rvfrl/wi94UCnqp+5a3NXKKzcHswgVGYmEOJamX5WnuOy8q4pPMlt51IKW1FJBAJ6KSTgERYU6Eqjgu6+hs42147dVnhL0y1l/Zepc0XnJuOIYaqLanHEqU02l5BU4E/EUjOVAd5HSHPb83LlZLDjcxpOo4vC+h5JzVC3ZCoU6lzFcb9Yqs2uVkG0LCi66htbikDHQhLa/qMddolyoKfLlZL3TXzpuai8LH9Xg9Qu1uZ5lyk6HUoUUOFhaVhC0nCknBPKod4O474vUadOv8AJhmJWdzbteIsHL2je/XL/hDwoFjqZ47nMXXNpZ7JL2wBxzRVGEc4xsUOtJNyXqbr+i818nLutysaN1+eU47RAicpAXkqEotXKtv5IXjHkseEeb8UadG0rqtDsz279nutSvLV2c3lw3RtulQI2/jHKZPTexWAEAIAQAgBACAEAIAQAgBACAEAIAQAgBACAEAIAQAgBACAEAIAQAgBACAPFXZJyo02Yp7bhQX5dbYUOoKkkA/xiqElGeSxc0pVqMor2Z8bK9bNTo1wT1CqTTrMxITrsu+hz4gtCylQPnkR7jYSpztov6I+StStatC/qQffmZ5vsl38aj+1Gb+EzC8GoVNLmMY7Nf5xR4a9ylUavMY9N6bVVNWqM3RrofkJSrq7WrSXqKHFPu9iGAtLqjlsciEApwc8mxGTjX1LWo6kmuzOlpX0Y20I1Y80oY5fpv6oxql8KNl0y4qPX6c5ONKpVJYpzbbalIUEtS6mErZUlYDGQ4taghKipZKwQck4ctKhGpzuRmVOJ7yVtOnUpp+b/U7rc4bqNb9VTV3as47MJqYnmizTWZbsimnrkAlBaAKF9moLLgwouJBHdiuGnU3PmyXrniavOPgqGzS//WS56R6I0TSCkTlIt6ZW4iamUOFamyheEI5EcxK1cy+X4l5HMdwlPSL9vZwoRbUjVazqdbVZRhTjhoyz7KfP82v96Nl4S9zn/AqgUt8fza/qqLTWJNB0axPHoyFVJPGRJUqnPOlpNl1OZqaR0DfaSzbZI/uijjPgY4njFrpI/c9T/ZfRqrU6jfbB9LWgcD5eEedrue79kkdkVECAEAIAQAgBACAEAIAQAgBACAEAIAQAgBACAEAIAQAgBACAEAIAQAgBAHE/H9IiTwgaNekB4b0WnermuNBp/JRay4BX3Eo9yRm+gfX+FtzYFZ2C+uObMdvw9rfh01b1Ox5NxrwtBXKvaMc5+bHuQGbGc3yx0jruqjFc0fU836SPdLDHsP4NfntE9UOhY9hjj/c+YdUT0DHsKf8Ai5h1RDsGPYU4yWMeZierHQtMp7DD9UPzh1aJ6For7D//AAvziOqRHRMs2oMxaWllpTN8XzU0yVOlAOZ3YrcWfhbbT1ccUdkoAJJ7oondwowdSRVT06tXcqdNbm3noo+GC9tPbNrfEfrNQF0m7NQm2BIUKYTh6hUVrmVLSzn4X3CtTzoHRSkp6ojzTWNQd7cfRHt3B+j1NM05OqvPLubfjYAE7xqDsSsAIAQAgBACAEAIAQAgBACAEAIAQAgBACAEAIAQAgBACAEAIAQAgBACAEAUKQTnEMA8VbodHrVLmKPWKWxNyk4ypiblZlsONvNrBCkKSdlJI2IPdFUZSTyiiUFKDjjKffJp3rVwF6m6bTDlxcMrDVxUIErcsSsT/Zzcmn8MjNrPKpGOjD+MYwl0A4HR2eueFHkrbr3OB1zhCnU89j39iCZjVywaNcKbN1IlanY9cQvlXRr0pq6e6s+DbjoDTw8FNrUD3GOjtr22r/K8nC3enXtl+8g0/r2MwlKZJT0uJqnLZfZV8DrL4Wk/UZjIns212MWCm15kjmuhBOOZkpz0G5ihVIy9GJxcSvs/nP6AnHX3cxXFqT2RTFZZZrturTfT+mu1e+Lzo9Jl2Rl1yfn2muUftEE9DEuaj3RdTpLuYNbGtd1a91AWxwaaCXBqRPOEpNbEqZChSh6czs8+AhSR4I5lHG0YN3qFvareRsbLSL7Up4owaXuzZjhU9F09bt8U3iB4z7nk76vinOdtQaFIyxRQLZX1Cpdle8xMJ6esODIz7qRjMcxfaxWvFyQliJ6LovClvYNVarUpo3LabSgnCY0WGtzrG8yaOeO+JAgBACAEAIAQAgBACAEAIAQAgBACAEAIAQAgBACAEAIAQAgBACAEAIAQAgBAFCMjrAFFN8ycZ38RFPKvUhpMtF36fWZqFRXLbv8AtenVynPfyshV5BuZZV+w4CP/ABi7CpUpPMHgtVqFGusTimvruQLdPoleBiucz9r6WTdmzKsgTdi3BOUopB64Qy4Gxn+pGfT1fUYLHOaqrw7pFV/u8fY029LzwUakcF/B/UtW+Ca5dcb2vJFRlZan0g3UmakqcwpfM9NzXM2lwtpQkoSAvJcdR3Axfjrl8l3NdPg7SZvOGTdoT6KPSrWLR+2r91iv/XykVSuUGWmqvZ9w34ZaYpb620l2UeEshPMUL5k5ycgAg7xEtcvpLGSI8GaOpZab/MmjTb0U3o/dLp9itUThooVRqMuoLbqdzl2rTAX+LmnFuYPyAjDq395V7zNva6JplosQpr89yfKfSJCkybdOpkozLSzKQlmXl2g22hI6AJTgAfKMN5l8zybWMYwjyxWEd6GUoGBERSj2KeSK7HMDHUxJUthAkQAgBACAEAIAQBRS8HGIpfNnYFEqUTvEvOCMrJXJAycRHmJ2Kc58M/KKtwk/UqFA7Hb5wBWAEAIAQAgBAFCcDOPpBvACVg9Rj5wW4bSHOIEZRTtN8YiMpDJUqAgnkkrnfEM7gRIEAIAQAgBACAEAIAQAgBAEPcff9p/fJ/8Albf+UNQBMOADkCAEAIAQAgBACAEAIAQAJwMwDeDiXEjr3eUFuQ3tk8Vdui3LXpyqvclclZCVR8UxOPpbQPLKiBmJhGdSWIotVrihbx5qkkiKrr40dI6TNdlboqNdUBuuny/IznyddKEq+mc90bKlo13WXM9kc5dcV6TQlhZk/oYbUeOe51u/7R6ayLbees/WVFZHybbx/ExsKfD/ADfNI1FXjiL2pUv1PKrjg1F5spsOhfWovf8Ac/6IuPh6P8xY/ttcr+BFwo/HTU2QEXFpe2vJ95dLq/Ngf1XUD/GIsz4dn/DIyqXG8H+9pGc2hxgaMXItDFUq8xQ5gqCS3WWOzQT5OpJb/NQjXVtLu6D3WxvbfiTTa+PNhv6EnSNYplTlkTtNnmphhxPM2+wsLQoeShsYwXGUXujeQq05rytM9CVhXSKS4VgBADI8YApkZ6xDaXchrPYtV03ha1myRqd03HJU6XA/lZyYSjPyBO/0i5ClUqPEFkxq93b20c1ZqJGtd4zdIKc8qWpTdVq6kke/IU4pbPmFulCT+cbGjo99VWexz91xRpdF7Ln+xjLvHa32ihKaSzKkA+6Xao2lRHmAk4/MxlLQK3qzWPjSl6UjiOO51O69I5jl8G6w3n+KIPQa62TK4cZRby6W33L7ReNzTOeCTXqLW6YSBu7Ih9AP9ZlSjgeYB8os1dFu4RytzOo8X6dXlyzi4kk2VqfYeoTAmLQu+Qn8fE1LvjtE/wBZB95P1Eayrb16L8yOgtr61uY5pyRkPMPERa9TM7lYAQAgBACAEAIAQAgBACAIe4/P7T++f71t/wCUNQBMMAIAQAgBACAEAIAQAzAFFqwknmxiIbBB3EpxfUXSJ5dm2f6vP3CofpUukliRSfvOY+JXggb+OBG603SKt4/ZHHa9xTb6YnCjvNGqN0apVu9qyqvXhXnqlNlWQuYc5kt+TaPhQP6oEdjb6XToJJR7Hl9/qte+nz1qjb9jxG7mCclSOufeMZVSks7IxVdtrzLBX2vlVfDy/snMIUlkmVeLQ9rJf/QRc8FFPilU3a0Ph/xQ8FDxWcFXWwtXvOJJ6Y64Gc4xFt29T22KXXlndl8sDXW7tLakmdsiuqlUKXl6nrTzSj/9droD3cyeU79dowLrSqd5HGMM2llxHdWFVckm4+qZuJw8cTFoa801TUolEjWZRvM/SluZKR07Rs/fbJ78ZHQgRxV9plawn5u3ueuaNr1rqsEltL2JOBB6HPyjXm+EAeeYeSz2jrykpQkZKlEAAAd8SlKTwimcoQWW8e5rLrxxxtom37V0bmmh2SuSYuFQC0qPQiXSdlY3HaEEeAPWOjsNDdZc9dfY4LW+LoUHKhaPt6mv1Tu96vVJdXr9Yfn5txRK5qdfLrhPzVnH0xiOpt7SlQjyxjg8+nf3Nw3OrLn+r9CibmYBJU7nJ6lXWL/hMs9QivtRK7++P34nwh1KBuaVzssfvw8JjqkUVc0uro+PziPCljYdSiibjlm5hudbmi1MNKCmplhfI4gjoUqG4PmDFqpbRlFqRMdQqUZKUXjBMWjnHBXLQmWaFqdMO1mllWPtHrNSyd91Y2eA8/e8zGi1LhuMoeLQ2Z3GicZtR8O5+X39TbG37jo1zUyWrVAqDc3KTbCXZeZaXzIcSR3H/QxyMqUqWVLuj0ajUp3FBVqUsplxQcpz4xb2LyeUVgSIAQAgBACAEAIAQBD3H5/af3z/AHrb/wAoagCYYAQAgBACAEAIAQAgDg6pKcFfTxiVvsR5m8L1I34qtbU6C6KVi/pdCPXkpTLUxKxlKpl08qCR4AkqI/oxnaZZq/vI032yc/xFqy0fS5V/Xsj5kTd+z1Tnn6pVKo5MTUy6p2ZmHjzLdcUcqUT3kkx63TsKdKnCET50uNTdavOtLuzr9r1/8Y/hF10WngsK+WDx1/VCh2tS1Vq5bhlZCVQtKFzE48ltAUr4U5Pee4eR8ItyhTj8xkWs693VcKS5mt8HfKX03UJVqep80iYYmGwtl9pwKQtJGQoKTsciJjTpy7PBT49bm56i7bYKuX1LsrYZfnm23JpwtyzTi8F1QQVkJz1PKFHbuSfCKHSipLMiVWuqiTUO3f8A0O5d2Pto7QrAGN8E+OP9OsZGKRV1tftylFXc4k4Lp6b5GMRT4WexadzXi8tFPa8ndL8R4TLcr9825drE1suLTO75C+rUqBRO058OITkhLqMjnbXjqlScgj690Yl/p8by2lTkbLS9dnp97CvDuj6n6YX1SNTNPqRf9AcSqUq8i3MsYOeUKGSk+YOQfMGPIrijK3uZUpeh9I6fedfZQuF/FuZDFk2Bqh6SXiOmbIkZPRW2Z5TU1V5f1msutrIUiVyUpbBG451A5/op/pR1HDWmxuqzqVI5S7Hmn7QOIugpKzpyxKXc0xTefLsheMDYBEehOhy00o9jxn4lBbyOlzUKRanm6a7VZZE08Msyy5lCXXB4pQTzK6HoO4+EUrklLlZlU616lz+H5H6nam9kOth5uYSpCvhWhwEH5EbGLnTU/coqXsovZev9Am9CcgLO3XviXbRh3KFqMKnugq9Upc7JUwnnIJCSoAkDGTjw3H5jxi34DlPyrYl3Th6sqLyccPKnP5xkRt1Bbophfuc0o/mcW73beCVsPBYX8KkqyFfIxZlbRzlEPUfxJQl3ORvB0Yyojv8AiiHT5lhlEbtweYs2K9HbxMzdu6jNaK3DUFGkV5S/spKztLTmCrlHglwAjH4seJjkOJdIjSoKtTjjHc9M4E4klPUOhqS2ktvub4tfCRnODvvHBJp9j2Y5RUBACAEAIAQAgBACAIe4/P7T++f71t/5Q1AEwwAgBACAEAIAQAgASAMmAMZ1V1Ms7Suy5m9r0uim0uRl04TMVOY7Ntx4j9G0MAqWpRwAhCVLV91KjsWWmN8rB8tZzjx43+PjTS+pvXbgqa0gtTTa/mKIFzlYmZidqtU7NZWEodl2QlhtpTaivGSp5CRuFY6jhN0lqbjL1Wx51+0yjUloqUOykYIZebPhscHaPUlTWc5Pnp06je49Tmfwf4Jg579h4NQst1WxcU9UKTcduvShnqO8+WZWfW42y6l5rs1ErQlSkqTgFJCT1I2zmMOvRdafMtjd6TcwtYyhN4z/AJGIahaVatV90Vi27vak3G6e6Uy0jNTEuG1mSfa9VZQlQaKFPuNvdo6OdKkADAA5cC5s67guR7m9s9S0ulbyjKHMm13+63/Q503Q655qm0JFz3GsP0qcmJhAlKhMuGUL1OdlFKadcUVuOFxztz2hKUnKUbfEpafVa8z3FfiG1pzqKnBJSx6d8P8A2O2a0c1HqKXpp/Vedkp52lzTDL9OcdSiWmFolmW30IWSlRDTDhyoEpXMuKSNhEzsLtfxss0Nds/E81Fen+uf+fQyDS2yrmsmype3K/XHZ59l91QW7PLmShC1ZS2HFoQpSUjxSNz0742lja1aNPNWWTTazqEbq+zRjyxfsZAZSaJ3Tn9kxXGosvCNTOlPnZyTLTIVhadj1HKYrU4Z8y2KFCcFk+jfosbhq1ycIdPcqbpW3J3DVZORWehYam1pTjyB5h9I8b11r4nU5fc+nuCvFjw9RVTubHxqTrD5n+kzaq6eLSrOTI/RGkyCpM46NhnB/wAPnj1bhHwvhKx33/zZ85/tGp1KvEVaMu3lw/8A6R/1IA5pvmA5+vkY6Bfu8M8/i1Vp8sl+f2MDvXTi56/e1TmZK35JSKtTadLy9xrmUJmaSph59xakI5e0UcOJ5eRQyTg4xmNTWt7mU8wR3dnqlpSsoQqS2j6e+TwSllcRLKnc1/rNS6muyrCGmw32zinEJSGPdTyFPN+PpleMRa6e+9zJqaloPIpcvpjscKfp5xINvzqK9qzOLberIdK5RxlhHYJbmSUMJSlSmm1LVKpKCQQG1EE/Ebat771kyitqnD0ILkpLOP8Ab/2diLC4gHnJaWmtQ3CjDBm59uZaEwhSzT1TIaV2WAnLc8EJAwAtAxunFat9QzlMlaloErTncN8vb9cf6Hs9ndfXq7b7s3c6W5ViaYNYckKillBlkKcDyFN9kovuOJ7FSVpUjkKVjG+9zk1DHmZj29/ocXKSj6f8/Qt1q6W63Wm5ZVHY1HdRRqFSZaXqdPaWhXbOo5u37ZaxzPpWClLZSAUch2HxRTRtrxV4tyeCbvU9EuLSu40lztPDJPHrg6u5/ZMbzll7HD8zO2Uveuaaz8rqJSZOYmZuhzrE7KSsm2FvTDrbqShptJICnFnCUpJGSoDO8a/VsT02o5L0wbzh9OOs0XF4eUb3ej+9M3wv+kT1LvTSzSi1LwtepWPNtyVSl9QqfL0yYmJ1S3UrlWWO3W6p1vsiXElIKeZIO5jxhx5Xg+rI7xRt5EEiAEAIAQAimTaQOBdwFKOMJ3yTsIKSl2JwRTqFxz8JOlk0KZe3EBbLU+VcpptPn/XppP8AWZlQ44keZTiMiNvWn8sWWJV6VP5pGA1T0qnDmxzKtyzdRq6gE8rlPsOaZQsD7yVzfYpI884jNhpF/OOVEx3qVonjmIv4ofSGUPWrQe5dMrK4bNR/XavJIZlnag1SmUBYdQv3v9nkgcqf+iL9PQdRqLKiUvU7NP5jP/8AyrNgoWQ9wz6ohI725SlKP5faAiZ8P6lCOeX+oWqWbeMlwpXpVeHmZ3uGwtSaINuZc9YsxMJT81SZeAHnnEWXouopfKT8StH6mc2Dx7cHups/9kWnxC20mdLgQin1edNPmVq8ENTQbWs/1QYwaltcUvmizLjWpT7Mlth5MwymYZcQtC0hSFoVkKB6EHvGIx8rG5W852OYVk7QUk+xO5WJAgDhMOLaRzIRzHOAIAiCscTVa1AqEzZ3C1a0pdc9LPql6jdc7MKat6lLGykrmEgqnXkn/g8tzb7Lca6wBc9POGyi0e5G9TNT7mmb1vNCVBi4KtLoQ1TUqABap8qnLck3gYynLqh8bq4hrIL/AKzaRUTV/S6s6cVp/kaqUoUtv8gJYeHvNujbqlQB+kZdpdysrqNePoazVdMhq1hUtpv5vX2PmTcGltas+46jZtxU9UrUaPNmXqEvgjkVuQoDvQoYUhQ2KSD5D1Kwv43lv4kHufPGo6Fc2F7OhUW67ezR5fY5f6lz84y+okYPQr1Hsarr2C/qMw6mRKsoJt49MD2NV+oX+7FSupIiNlCknhAWar9Sv92J6plLtU/QGzVHqy59RmIldSkR0o9jV/qF/uwd1JrGS4rJ98D2NV+pc+kUqtPOxQ7Kbngxm/DXafP0nTjTqkGrXxd016jaNDTuX3z1fcH3JdofpHFnYJSRnMY95fwtqLnJ9jOsNFrXd3GilnPsfVXhe0RpnDfw/wBqaI0meVNi3qSiXmZ1YwZuZJK33yO7ndUtflzR5Pd3Lubuc/d5Po+wtY2dpTor0SRIMWDNNTvSXaBquukSuuFFled6hMer1tCRk+qE8yXsD8Cic+CVk90dTw1qnR1XTm9medcdcPzvqauaUctdzTgWenqEEggEEbgg7gx6BKtzU4yzseLy09RXKluh7Hp7kGKleN02kI2EH3HsanPMU5PXpFrqZFfQxaxgp7Ic2y2tvlFXVyHw+D7oexrf6o9MdIh3MmOgily42HsagDZsj5CCupIiVlCmtkV9klD3Q2cfKJV3LJSrWnnGAmzUq+7jzJi51NQu/D6eM4LjwzaRTvERxf29pHb8j6zRbMqEtceolRAy1LtsrDknTycYLr7yUKLfUNNLJxkZ5jiLUnStXSzuzsOCdBd1qka8l5Yn0rqPDZoRW5KuylY0Wtd9Fz1T7UuFDtFZJqE/2KGfWnDy5L3ZtoT2nxAJG8ecpto94axJ4MaHDrqVpyRM8PWuVSpks3jltW8y5W6YpIHwIW6sTcsO4cj5QP1ZxEg6v9cPfmmX6HiM0SrFGlmlYcui0luVykkYBK19k2mbl0/3RjlHevvIEk2Pqbp3qbQk3Npze9Lr1PUceu0ieRMNpV3pUpBISod6TgjvEAX0EKGR3wAgDBuJXWm1OHPQm59db4S6ql2tSnJ+abZWErc5RhKATskqUUp5jsObJ2EXKVN1qigvUpnJQi2z516qaoap8Qs65Oa9XxMzko45luzaXOOy1Gk05yGy02QqcUk7FyYK8kcyUo2SO+03h+1p451lnI3msVpTcaXYtVEFGtmTFPtiiSdMlx0l6dKIYQD3nCABkx0MLa3oPaCNNUq1avzSPSa2tRJUte/XKtorcJSeUilNpYH20oK5geY+IVEqjN/QqU8ehT7Y/oY8yYh0pRWRKrhdiv2y4fhe28t4oSl7Fvx5HRWlU24JJUhcchKVJhYAUxUZZD7avIpWCCIqq0aNdbwRfhXr091I9mlt/aiaB1Jqo6BX1NUFAfy5bT8w5MUOcJ6trlFqIZ5vxy5bWM597GDpNR0CznT5orEjZ2erV4z5ZPY+hfCVxCWzxTaEUTW61mewaqiX2J2SLwcMlOyz7ktNS/MPi7N9lxIO2QAcDOI86r0OnrSh7HYUqkatNSRJC1pbQVq6DrForME1Y1/sPSuclrfnPXqxclQb5qRZ9vyvrVTngDutLIIDbQ+886UNJ+8sd4GIf2FtXNekme4lqq1S7dd3a0xtyoL7F1PUfaU6nlXOHfdhsNy+2FdsNyBL9CoVHtukS9BoVJlZGSk2w3KSclLpaZYbGyUIQkAJSBsABAHsAA6CAOLyCtpSE9SO+IaUlhkNZWCHuJzhHomv0mzcNDrAt+7qcwpunV1DAdbebO5lpprI7ZknwKVoO6FDfOwsdQuLGfkexo9Y0G11agoy2kvU0q1ETc2gNTFE4lrHftJHaluWuRCjMUOd3wC3OJThonGezfDaxnvxmO0s9UoXLWJb/U8uv9AvdPl+JDb3W5c6TKUavySKnQJ2Xn5Z1IU3MyUwl1tSeuQpJIIjY1anJLC3+xq/BgnjJ3mhy6fibxgbgmKFWfqiJ23lORt5sJ5uwOMZ6xPjRLXTL2CbeQtfZplyVd4B6RUpphW8X6Fuuics+yKUqu3ncNPo8ohPMqZqk6hlAx5rIhKaj3ZCjJvEVkwK0tRNSOJmsOWbwN6STd6Olzs5q96shclblOVndS5hYzMEb4Q0FE/WNbd6vRtly5/Q2djoN7qsuXlaXubscEPo9LW4Vpua1Rvy51XtqfXJUNVy852XCEss5z6pJM7+rS4P3QeZZGVHuHF3upVryfK3seraLw/a6RTXrL3NkEthPd35jX8uHlG/+ZbnKKiTyzspLzrT0tNS6XWnEFLja05StJGCCD1BB6QbkscpRKPOnGe8WaX8RHBHfml8/NXtoNbTlx2y64p6ctGXUkVCmZ+IyRVgTDXf6uohaeiFKGEjqdO15UoKnX3POdc4OnUqutZ/mv8AYhm07l0/vV5+m0OtJFRlllE5R5xJl56UWOqHpZ0JdbUPApEdJSuKNZJ0zg61rVoycakcNfQvZtllOQpKhjrlP/8AIvOpNFjwkUFtME4AV0z8Pd+UR4r9x4cWPZpgbEK/dh4rHho5N27KZ3Pl074lVZFUYQXctV91zTzTOiuV7UK7JCiSbSCpcxUptDScAZ25tz8gCYpdfl3bKvCjPypZyY1phaPEbxvzYo/CnaU7a1lOrAqOr91U1TTJb7/syVcAXOOY+FZw0Dgk90aq716Fs8ReTodF4W1C9qZqbQ+p9C+FDhV0m4QdLZbSvSilvJbU8qaq9Xn3O1nqvOr3dmpl3q46o/RIASMAARxd3c1bubnN9z1qw06206lyUkSkkk9fGMfZGXHLKwKjiWkFfPvn5wBHOoXC1o5fNwLvZm3pmgXM4kpF1WjPOUyo56e+6wU9uB+B4OI8UmALKKdxgaUpUuiV2j6qUlrJElWkIo1bCNsBMw0kykwrr8bUvnvX3wB7KBxfaXTNdl7N1EFSsCvzJ5ZejX3IGQMwvOAmXmSTKzRJ6Bl1Z8oAxH0q7UjP+jr1YlpxhqYl37UWl1pwBSXEKcbBBHeCDGTZxUrqCfujHuny28n9D5bCs6n2G56lZ1Qk7mpDf+56dW5xUvOyyO5pE1yqS+B0HagKwAC4cZj2RWlSnGLh7HmjqOVaRVziVp1MRy3hZd1URYG7sxSFTMvnwD0qXU467nHyi6owgsuLLvgP+Y9EpxRaOT4CWNUaMhac8zc5UUyy/qh4pI/KK+em1nsWpc0ZOOOxcJfXGxZvPqt+UVeBk9lWGVbfRcRmnL1KU5vsmVf1vsaVAVM37Rmwehcq7Iz+aoq8kd2Sud+jLZOcT+j8isJe1VoS1E4DUpU0PrJ/qtFR/hEqrQfbcq5J+x0tcSlIqoIs207nrqjslyTo62GPn2s12SMeYJiy5xq/u1gqwvcq1cmrV7PpYq89K2jT1EdqxSpv1uovjOC32+A1L7HcoC1YOygd4tStKtTLkQ6ypywjev0KVzWVpZ6MeSuOuVqn0GgUy+rxU9OVCYS1LyzSbhnkjmWsgDuG5JJPeTHkurR5NQmj0LTMuzi2TojUPXXiGR2GkFOmLItB3HNfVfpJ+0qgjrz06QdH6JBHSYmwNjlLCxhUa0zzNtI9C9PNIpGcTalIfM/U3A7Wq7UppczUaq6B/KTMy4St09cJyEoBwlKRtAGbQAgBACAEAeGoUakVWQeplUp7U1KzKSiYlploONupPVKkqBCh5EQi3F7MpaVWPK1lfUgDUf0XfB9fNUXXbcsSoWRUXXe0dqGntZepHaK33WyyexXuc+82Yz6Wp31H5ZbHP3XDOkXMt6WH7pkeVb0VuqlNe5dLuPG7pWXQSfVrrtiQqhV5F1KWVY+kbSlxHcLacU0aWpwJZp81Go0yxr9GZxudoeTjvtwIzt/6L08wH/1WIvf2kf8Ahlv+w6/xT2yfolNWrgeaXqv6Qi9pqXGe2lLRtyRpPNnbHaEOqxjyz5xaqcSV5fLTRk0eCLOK/EqNme6X+iI4HtPq81dty6cT991lkpUxU9R60/WVNEd6Gnj2KN99kRq6+r3lxlN4X0Nza8N6RZ+aEcv6myVMoFHodPZpFEpDEnKS6QiXlZNkNNtJHRKUIAAHkBGvlUkn7m6hin8kcHtbQNjvt3RSlvkr+Z5OcVEiAEAcV9REPsRiWdiNtceEfh14i+SY1k0mpNYm2E8spViyWZ6X/ucy0Uuo+ioybW7u7Z+SWDW3+mWF9H8WP5kE3F6Kep0uYVMaHcY180BkEdjTLjlZWuS7QH3EqeSh7B7ypxRx3xtKev3UPn3Odr8F6dXeYTaMMqnAZ6RemOrTQNdNIaujmw0uo21PyLgT4q7Nx0E4+QjNXEEcbwNRPgitH5Kq/Q8rXAx6Tibd7F/VPROSQesw1Tqm+sfsEIz+8Ih8QL+UQ4JuW/NVX6F1ovoq+Ju6/f1h4/p2SZUo89O0+s2XkRy4xgPTKnlj8jFmpxFUS8kTYUeCLfOa1TPtgk3Rz0SfBJpJV5e66rpxMX1cjDgWm5NRJ9dXmQsY95KXv0Te4z7iBiNZWv7m5zzPY6K14esLVLlinj1ZsnKyiJNlMuykJbSkJQ2lICUgdAAOgx3RgyZuIU4044R6R0EQVCAEAIAQAgC3XPatvXnSXrfuuhyVTp8yjkmZCpSiH2Hk94W2sFKh8xAGnXpMOFm2NLeArVCtaM3tcFpUyWth1c3aUlPes0aab7ZClITKzIWJUn8UsWsZzgxmaf8A32n90Yt6s2k/sfORV0Plaj2+cqznYR9B0qfNTh9jyOpccikvqVF2vMntBO4ITnHPjyzt598TKVBPkZb8esUm62ieQRPhqYPLjD7YVnxBzn8oolaW77rYqVxXXqWeYotiTIAnLFoTm+cLpEuoA+Iyg4PmIo+HW/I5wS2KZXNftzP8g1Q7GlCTL2BQWCrqpuiy6SoeOQjeK6NtCtB4wy27i4hspMucnXGKc2PVJdlhCThBYYSgJ8hy9D5CIpWtvSn5UsmRVubrw1udyrsnHFczriyfHl3jJVpR9DHdaYbuh7tElSlkcwzlMY1Sjy8xdhWe2Te30GWgdiXrwX0LVu9lzlenZW/7rdoMhWHg7I0VwV2dCnZaXwGw6pQKi8sLcBJCVJT7seFa5tqdQ9X0mXPYxZ9AmwpKAlaskDc+Mag2RWAEAIAQAgBACAEAIAQAgBACAEAIAQAgBgHqIAoUpOxERgDlT4RIBQg/dEMsLYoGmx0TDLGWyqUJQcpGIZYe4IB6iBGEVwPCHcnsIAQAgBACAEAIA149LIM+ji1eA77Rd/8AyIjO03fUKX/yRjXn91n9mfHVcu+lw4UlO/TEfRMUunX5Hi8/mk37k16OXppBReHuetquzlKlL1crlWeoNSqNPL6JPnpTTTS3RyHmSpaXWmzzYZdWlwpIEcPrVpqb1SM7bLhyrP1fN/zP0N5p1axqWMlWwpZ2ZkFxSnA/M3M85ayaOy2wKuzSGph6eEm9ysU8yK5rmUTgrVUBzAjJQkEAAZwIz4oVHzc3p/m84/oZlWGj+I8NHKTkPR6z1bV65NVCTk13DOyjCmlzB7Kny00uaYm1BRytU1LlMng45VJ5uVO6inHinCSTaaTf3/5uVU/g8fUrPXfwmXjTZesXdTZeZn5KyaHIydMRNvy7cqlDE6JphpZ5j2zTqpPc86lBOATlSos29rxNRqJLKTe+Pr7/AEIrS0mVNvKbL5ptSeGu/LTtLR6nop82y/VW6rUpFpcyZpb7VuOesPzQOCoJnkkJZbKedASB1zGFcPXrSvXqST27P239C5Tp6ZXhTjlbmI8U1s8Odr27O29Y2n7NFuhE22XJJmrOOLpy/W31KZVlSkuoVJqlTzZASoHfmJSNzw5ca7c3MZVZNw+pY1SjpVCk1DGSBG5Z3tU/olDKgcZziPQ7hbS29Dl6W8ks5PqF6ApJT6Niggj/ANuLt/8A2Cfj5913/qlT7nsGj/3CBudGoNmIAQAgBACAEAIAQAgBACAEAIAQAgBACAEAIAQAgBACAEAIAQAgBACAEAIAQBqT6XzWWgUvgv1H0gpUk/VrjqtorfcplP5SabI9u2lU9NKUQllkHITn33VDlbSohRTnaZ/1Cn90Yt7taT+zPnbp7o5N6k6jUTT2TqDcm5W6o1ItTb7RUllS1Y51JG5A8B13j3HUNWp2OmupjLS7Hk9pp9W7uvDeybM0nuCO/aZbNy3NUa3IS6KBV2JKUafbWgVVp1baRNMrOwa5XmVbgqPaYAJGI0drxnY+LCny7SWW/b6GzqcN3UaMpLGU8Je5b3eDDWhj7QD9ClELp+OZldQbQt4GTM7lsKxz/wCxgXT0wEkHcYjJfF+lTgk2917fUtz4cu22zuoPBNrVdFXp1IoVDlH/ALUklzUnNqqKG2FoS+hg++oDB7V1tA23K0kEjJFcuMdIVFzk3s0uxbpcOXk6ii16ZOqQ4M9Z56XpNRlqHJql60+huQe+0UBJ52n3W1qPQJW3LvKB32SM45hFEuLtLjPaT23ewXD96lnByHB/rKiYkWqdTpJ9U0olmYk6ihaUD1IzyVqI95KVSw7VJAJI7uY8sUVuLtHrxnzZ830JhoN/BrHocahwg6ySDFRnKvSpBlVMffROpdqKC5hlpl99xI6rQhqYadJ68q+mQQKafF+lUKXLTT/QrloF1VlzSZZNU9E6npNqXVdN52tSdSepE8Zd2akCezWod2CMpPiD4xt9O1WOoWHjLbKfcxK+n9NX5X3Rt96CXXO1aHwgUjRG5ZWao9Yeva7XLfcqjQalq8gVydU4JJ3mKXXGiSlxklLqeUqCCjCz4vrbzqVR/U9M0lNWUUb/ALaudAXjGR0jUmyKwAgBACAEAIAQAgBACAEAIAQAgBACAEAIAQAgBACAEAIAQAgBACAEAIA4uuJZbLi+g6wBE+p2st0XFej+iHD0JabueXaQbgrs60XKbarSxlK5jlI7eaUnBalEkFWy3C23uoCKeOvRS19IPRy6uylEcmp+oVegGYr9fqTgdn6xNqdaHbzDgAyQNkoSA22nCUJSkARl2G17T+6Me7jz2019DTa25GsWTdcnd1svKl6hTZxMzJzBaSvsnUEYOFZB3Gd9o9euaNGvb+FU3z/kefQ8ahXTjtgyimaraxUVqWapl09kJOSl5SW5ZJrZll1TqEnKfe95RBUdynAJwkRqVoOmPsjLq39zjCkcFan6vKe7dNyhJ2wEyTIAAkjIgAcvQS5Lfy367xceg6c8bf1LHxG5UWm9y9W7rhfTFeVV74lxW2zTX5NDSOzllJD77T7yuZCCFFxTXKrI6KJBBxGNccPUJ0nGk8Zed9yaOoVY1Oae+zRYPbvUKXnqfO0ebZkvsfmbo6ESqFmUY5XEIYC1AqWhCHVoTzZODudhGVDRLRwaqbt9yOumu2SspqRq7JGWMtdBQZRTXY4lGiAluTEilJyn3k+rZbIPUbnc5h8A072f6j4jce55WL01Dl6a9RpWrBqVf9cC2GpRoAJmmm2Xgk8uUgtMtJAHTlyOphX0iwjLMYlNO7r+5bLkRWr5uVy6LrcbfqM2tCpuaTLJbU+4BjtF8oAUs96upxkmM+xpRoW8oU9kizXk51My7myXojNI7H1c9GxLWDqBbcvU6d/ZLvFa2JjmQtl5Fxz5Q604ghbLyFbpdQUrSd0kR5Rqjb1Cefc7/TsdHFEzs6j6icJU4KVr1W526tPkHs5DUfseeeoiMgJarLbaf0jQG32ggAbfp0o3dVrzOJ0ptTkaxIs1OmTKH5aYaS5LzDSwpDqFDKVpUCQpJBBBGxBzAHogBACAEAIAQAgBACAEAIAQAgBACAEAMgdTAZSKBxBOAqGGMMcyenMPzhhjsApJ6GIymHt3K5HjE4IyinMnxEMMcy9xzJHVQ/OIys4J9MjmT+IRIW45k+MB2K5z0gBACABIHUwBC106qXpr3cVQ0n4c66ZCmU6cXJ3hqOy0lxuRcScOSNOCgUzE6Oi3TlmWOebncHZgCQdL9J7D0os5iyLGt4SMhLuLXyKcU46+6s8zj7ziyVvOrUSpbqyVKJJJMAezUixLW1OsKq6cXtRkVCj1yQdkalIuZw8y6koUnI3Gx2I3BAI3EE5RkpR9A0mmmfLzXXQfjL4OavMsXdodXtWdP23lfZd+6eyomKvLS46IqVLyHFOJGyn5bnS4QVFCCrEdzYcSKfLGrtg5e/0eUouUCNrT41OEG7Z/7Gl9faNS6mCA5R7pLlJnGz05VMzaWlc2e4ZOxjffFLOp2NLHTqtL0ySdSHLfuBCXKBcNPqAUAQafOtvg56YKCcxkwuISimmWpUWnuj2m3Hx1l3Bg4OWT/wBkV+L9SnwsgW68o8oYcJPQdiYOtjfI8Fvsjx1Q0OgNF6u3BJ09A6qnpptlI/fIiOp+pPTy9iML/wCNvg50yV2F28RNsmZCin1Gkz/2hMKUPuhuWCzzeAOPrFirqFGmty/Stp/ynhsa9ONHjVm0WpwEcKNflafNr7N7VTU2QVTKTIIOQXmmVjnmFDqE7/1DGnvOIKVGL5GbChpcq8lJrY+qXAPwpSvBPwt23w5tXhNXDM0cTMzV6/ON8i6hPzcw5NTT3L91KnnlkDJ2xneOCuK7uKzm/U6uhS8Gmokvuyku42tC2QoOAhaVbhQPUHxEWS8QdPaS6k8NNSeu7hgpH2raj763q1pOp1LSGuYkrmKM6shEo7nKjKLxLuEnkLCiVKAkbSHWix9a7dVdFj1kuNMTCpapSE2wqXnKbNJ+OWmmHAHJd5ORlCwDuCMpIJAy8KChlJB+UAVgBACAKcw8RAAqSDgqEAUDjatwsHPnFPPHOMk4ZyJA6mKiltLuMjxhhjKKFSR1UPziMrOCQlaFDKVAj5xOGRzRK5HjAkQAgBAHFzYAwG2TG7/1SsbTOlKrN6V9qSZyQ2lWS46R1CEAFSz8hF6na3FxLEDXX2o2dhButPGCD7246ahMvOSum9noYbB5U1GtLJUQehSyj/rKB23EdDZcOyqb1p4OQvOM4yfJbRx/5P8A2I2rPEXrRcWUVDU+eZHMTyU1tuWTjw9xPN+ZMbOOi2kPQ5ytxRqNRNKRj719XMt0qmL3rzijuVLrkyc//cxGTDT6EI4UEa6eq3tZ805PP3KNX5dTDgfk76rzTidwpNamP+/g/WIqWFvJYcV+RVDVL2m8wm/zZklC4ltbbaSPVNRn5xpBz2dVl25jm8icJVj9qMeeh2tSOUsGyo8SanS/j/Uk+x+OxlJRKalWaWkkhKqhRVlxA8y0vCx+yVRpbjQasf3bydHYcawm1C4hj/yX+xOdnX1al+Upqt2jWpeflnB/KMOZ5T+FQ6pUPA4MaGtQrW8sSOztbu1vIc1KWS8oOR3de6KWZKz6lYEnTNz8vItLmJp1DbTaCtx11YSlCQMkknYADfJ8IAgyduS6eMic+ydP6pO0LSxlxSKjdcq8picu3uVL05QwtiS6hc6MLdGUsYSS6QJhs6ybasS3pC1bMoknSqVTZZLEhTZCXDbMu0kbIQlOAAP/AB6mALxACAKFOc5UcEdAcQBgWrPDBw669yS6drZoZaN2tLGD7QW5LzSh5hS0Eg+YIiqFSrH5ZFDjTfoa6Xb6Av0T11TC5mV4S6fQXnMlblq1mepuVfi5WHkpz54jJhqF1DbnLUrShPzNGJTf+pyfR3LSpukVTVelIWvm7On6oz4SPIBxSv8At84v/Gb2P8WSx8NtX6EfaJegN4GNQrh1FpF4XJqrOy1s369R6ay7qXOYLCZCQmAV4Pvr533N/DG22YS1i9ltzFUdOtYvKRLFuf6ng9E/Q5pqcq/DxN3C43g/+ct11CcSojxQp7lP5RT8SvP5y50VAnrR30fHA9oCEuaOcKdhUB9ByiblLaYL6T5OrSpY/OMSpc3VXvNl1UaK/hJgalUtJSlC/dTgJAGAAO7aLKz69ytJRWEdsSSIAQBFWrvDt9t3GdZNJrqRamoTMsmXTXkyvaytWZTumUqUuCBNsdQlWUvM5JaWjJBA56R8RHtDX1aQaq2mq09QZVpTrtvPTQdYqjCSAZymzBAE5L75OwdayEutoOMgSlACAEAWS8r6tOwqSq4LurcvISjZwp193GT4JHVR8hkxcpUZ13yxRi3Fza20eerPlwQZfHHXLvPOyem1mB5IPL9oVt0toPmllHvHy5inPhG7ttArSWZvByF/xnb05OFGOfqRnXeJTWquFapnUSYlErOzVKYbl0p8s8pX/hRuIaPaUllwyzl63FOoVn+9cV9DG5i/LqnHC9NXvXHFk5KnK5Mbnxxz4jIjZ2kf+2a+pqdxVeXNt/c4e3F0AhSb5riSDkFFbmB/14vO2sv8Mt/ELn+aX6mQUPiK1ot/DdM1Nn30A7NVFDcyCPDK082PrnzjFr6TY1VmMcGwocSala45ptpehJFjcdc7JKRLajWYh1BI7SeobhyPMsrP+JR+Uaa44frLzU3lHRWPHFKS/Hhhe5POn+plk6nUwVmyq8zOtADtUpVhxlX4VoOFIPkRGjrUK1B8s1g7WyvrS/h4lCWf8/0MgiyZwgDgpQyrcjH/AGRDWGpDGCM+JfiNt3h/tFFTmiJqrT3O3SabzY7VYG6194bTkEnruANzGwsNOq3tfyrZHPa9r9votq5ZzN9kaLXbrFcd8XE9dN31hycqDpwpbitmxzZ5W0/zaB0CR9cnJj0K202FtSSjHB4rea1Xvqjq1pPL7It4vfG4Xj6xkO1z3MHqUPbjH3/4xV00ypXkEVF8KP3z+cU9M2Q7uL3KG+D3r/jE9MwrpLsU9tUk5yPzirwJ4wOrRUXuE9FDz3iOmmVK+iuzLzYGvV16UV9F12VUuxmQoB+WUT2M2jbKHUjZXTrjmHUHuOv1DSoXFJ+Xc22na9WsK6q0ZPPqvQ300G1ytbXSwmbvt5ZadC+yqUipWVyj4Ayg46g5BSe8EGPPry0q2NXlmj2vR9WttYtVUpvf1X1Mkum9LYsy3Z67bsuCUplLpkut+o1CeeDTMu0kZUtSlbACMTla3NonlEOSlvXhxlPsV2/6JP0LShLyXadak+2pieu0DdMxUG1e8xInZSJM4W9sp8JT+hMkk6y0pLSrKJWXlW222UBDSG0AJSkDAAA6ADugDtAxsIAQAgBADA8IhJIDA8IjliBgeESkkO5EHC3vees2f/e6/wD5npUS1kYJfwPCKeWIwhgeEVAQAgBACAKKQlYwtIPzEAYnq1ovYOtFvot2+KIp0SswmapVRk31S87S5pPwTUrMIIcl3knotBBIJBykkECOpDVzUXhunpazeKOrfadtvzCWKNqw2wllkFRw2xV20AJlHs4AmkASzpIyGFEIUBNTU5LqbCEP8x2GUnPUZG/y3zAldzDNetcrW0HsV68bieLjhV2VPkUKwuafIJCB4DAJJ7gCfCMuys6l9XUYI0us6tR0eylVm9/Q0L1C16vDVK6HLnvKqF5wkhiVST2MqjuS0noB4n4lHcnuj0Sx0mlY08uO54lqnElTVJ5b2LN7cDqVD84ylSlU3Nc7qkh7c/0/4xV09Qq69Y7j24z96HTzKHdwY9thEdPIjqUUN7oOxWPlmIdq2VdXAqb3Sse8sHwyYlW01sOrgXK09ZrksO4mrps2suyM+17vatODlcTnJStB2WnyP0wYxrnTKdxT5JR7mbZ65XsKyq0pb/c3n4aOIuicQdoGpsdnK1aQ5W6xT2157JZzyrT3lCsEgnwI6iPP9U0+pp9fw32PatA1uGtWqlH5l3JPjXHQHW73gDrENNrYjmS7nzE46NW569uJW4ZV2aUqWoTwpck0TlKEtj3yPMrKie/YR6vwzYwo6fGo1vI+dONNYnU1qdP0i8IiH2ieAwXyY6OUIyOKV03Jvu2VRXlLUEFzqcZMR4USuNzUbwR5bvFfadwmi8rT8r9rzM4256yrAkkMoK23HD3IdQAsE4AHNjISTGhhq9u54lE6+twvewhzKS9P6l4luIvTuZqbdGNxOszS5pTHYTtPmGVIUlDTh7TnQOzHI+yoKVhJDqd+uMqGo2lSXLE11bRdUt4c7jmPujv/ALPVi/aExSE11a5mXbKw23KPK9ZHahnEuQkpmFdqez5WypXOCMbECevteZx9iz8K1VqE1DyyeDxyvEzpVPVik0CWvdhU5XFf7WyvZuBxY7RbSedKkhTXM404kc4TzFBxkRehe2VSUYJ7syK+hatQp1KsopRgsvcy8XEofC5Gb4UDnXXnke0Lg6PKGdtjFShFLBErt8/Mnhr2Mw0w47RwOW3eusNQpq6lJsWfOKlqKw2pRnqm23mQYQ2jdSnX+Vn3d8O7dI4/ivTfGtXWivlPRv2da3KOtq3faSZs/wCjy1B1I9JjpFbPFVxZ6M1+wlU19ApekVbo83KS0vUWQkqqr/rSEKn+ZZ55bKeyYT3LeBWnzZ9ke9Jp5ZuahAQnlBJ8yYgkrACAEAIAQAgBACAIh4Wv9+es3/K8/wD5npUAS9ACAEAIAQAgBACAPNVaRTq5IPUqrybUzKzLC2ZmWfaStt1tY5VIWlQIUkgkEEEEGANKOPHXLUn0RPD5WNYOHvTitalWzzGToWlDMjNzj9HnnEKLTkrMMNuLapySMusO+62kYZWjKWixnYbepAWvPHBQ+NaRsrVyylvMUOds6TnGKc+lSFyc4+nmm2HEqAIcadSWT35aMek8JWVOnYOvjzNngv7SNZnU1fp8+WOCP/aFzA/Sn8466VKMu5531sVskcma6868llL5HMoDPzimVNRi2l2Jo1ZVq8YJ/MyLrP4ybKrNlzV+XdOy1GkGJxuVZcam3Jjtn1hRMuB2aFF9tKOZxCUqSlKknnIyY1PxGjGHNNeuDrLzhi9pXUaNF5ys7+n/AKMjq3EXY9MrFMpv22lbE+266/U1FSJSUZRJuTZWt4js8hCEqLfMFhLqVEeNc9Qt411H0xlmLQ0C/qWkqr+ZPGPffBZ5biysmuVGmStovrn5SdYedmaqpl9DEsEPMshCilpWFqVMNYCuUYUDncA2vitvz7J8pnU+GLyUPNJKW233LpPcT+lNLtf2zqN9Ms01U0JdpbjLiHXVkKICGinnXkIWQQCCEKOcDMZMtQtOXK9TBXD2qzrOKxt3MrkrvYqkkzUpKaQ8xMtJdl3m1ZS42pIUlQ8iCD9Y2EIRlBS9zQXEpWtZ0590dvtCQd1beOYipTgoljqctYJU4K9apjTHiLt+eVOhFPrE2ilVNLiuVBbePKhR8eVwoIJ8SO+Oe4msPF0/nit1udhwPq9Ww16EZS8s9mj6kx5WfSJ1uEAknu3EQ5bPHoU8qbwz5a8bWmM/ZnE9dLExLFDVUnftKSUpOQtt4ZOPkvnB8xHrXDV3GrpkY57Hzhxvproa1VqNbN5Ir9n5o7dmnHk3HQOpFHHq3WFJFUW5M55glIIP6uI8WBKoTTMdpugentMm0zMpY0kChthA7RKlhSWWVstpUFEhQDbi04Ocg75wI10rO1bzg3UtY1WbWZ7CW0AsOW9aKLaC1TyFonVvzb7inkrSylQJUsnBTLsp8g0gDG+aIWNrGXN6ldXWNSqxUOfEUdFc4ebVq3rs3TZd6lT863yfaEi6rmlx2qXsNIVlDQLo7Q8iUnnJUCCSYpqWFvJuUe7Lltrd/QcIz80I7pM77f0Gsy2JaltUuiLS7SGezl3zMOczvvqc5nsKAeIWtawVg4UskYiulY21OcZeqKLvWL66c1soy9DIfZyY/Vj/AJuNn40DQ+BPJU22+APdRuQPhEPEi+xHStvsZfwv29O1ji+0stKls8807dYqSwlOOzlZJtb7zh8BkIRk97gHfHOcTXnJpkqfudtwHp8v7RU5pfLufW9JPOMmPKEm0mfRSXqc4qJEAIAQAgBACAEAIAiHha/356zf8rz/APmelQBL0AIAQAgBACAEAIAQBxcVyoKh3CBEsJbnzb9JHphOUHiZmrlEohuWuOQZmpdzl2UtCezcBPQEFKT+0I9L4Vu4PT/C9Uz54/aRplWnrbrS+WW6IDTbr6v5ofMtx1nixOGVsmjkm3X0KC0JGQcghOIqdaHI4v1JjaRhVVT1XYxxegtiGmGjsWyWGD2JR6vMvNuNqbTyJUhxKwpCuTKCpJBUnAORtGt6KzlDE/fJuqGsapSqeLKWZdvpg7pnQ6xp+otVietRp59llTSG3XXCzhTJZUS1ns1KLR7MqKeYpAGdhiupZ2UqvMltjBENW1SNB0+fu+bPt67HGX0Ps2VlESYoC3QGuzUuYnHnVqT2zL2CpaySAthkjJ27MDOMiJ6e15OXBXDWNSjUUnL23/UpMaFWJNSaZFdrhCEMstNLafdQ6ylrtAjkcSoKQQHXB7pBIWoEkHEWnZWvLsU/FtSVZyUtnn+pfGLUMlLtSUpLBDLDYbZbCSeVA2SN/AYHniM+FSMYKPsaepRlVqOcnuzkbdf+8zt5JxEyqQcSl2yXY9lm0GdqGq1jWfTkKM9XL5pUnKIQPeAEyh5xe2+ENNuLJ6AJjU65dKjprjL1TN9wvp1a61elhbxaPstHj59RHFSQrY5ihrOUGt0yDuNjhnf1wsuXrtmyjKrmoYWuQadPKJ5kj35Yq+6TgFCjsFDfYmN1pGpVNOny58rOT4m0Klq9s5KPmX9TRmnW9KVNt8S6HGXZOZVLzsnMt8j0o8k4Uy62d0LB7j3HIyMGPQYXSrU1OEsni1fTZWtVUpxwd6rIUThQ6bdInqWR0cPYqbFeUMFB/dh1LI6SmyhsZYO6d/lE9TIno4lPYY/h6eUOpkOjgiospY90f4oh3LRHSUzkLJeO4TnHX3YK5b7FTsopZaMb1SrljaOW2u47+nQy2p4MyMm00XJqffOORlhpPvOLUSEgJHfFx3ataTlNkU9OuKkeWnu2/Q2p9GJwc33YK6jxXcQltKpV73XT0ydDtlaudVr0bmDgl1kbGZeUEuPEdOVCPumPPNb1ed9UwuyPaOFdCjpdsqlRedm5KRjG0aRbI645RIEAIAQAgBACAKcw8YjKyChdbGxWB84kERcLikpvTWUE4zq7Mf5npUAS+CD0MRlARIEAIAQAgBACAEAUcHMgiD7Db1Iq4r+HljiC03NGp4ZartNWqaoU2+k8odxhTSyNwhwe6T3HCuqRGfpmoVNOuVJdvU5/iHQqGuWPhT+aO6Z8/wBNovJqs/bNSp7sjVqU+WKtSZpvlfk3B3KHek4JSsZSpO4OI9Go30biClB5yeI3Ok1LSbjUjjDxudgsZfcn+EXuomYitqbKqsh1O6hj5pinq37lXSQ9insQpW+P4RX49RrKHSU13AshY6D/AAYo6pkdLSBspSttvyh1LKujgBZCkjYYHyiY3MpbIjpKZaL8nrN0rteYvbUKvS1NpsqP0j8yrHOrOyEJ6uLJ2CE7kkARFS4lFZm8IlWEar5Yrcnb0YnCdf1xX4njd10tCaoYMk5K6X2hUEETFOk3gA7UZpJ+CYfR7qWzu20VZ3WY4vXtVd3U8KL2R61wboELCn481uzfOOaO8EAdbwUSOU4690T6FLbT7ENcR3BXp5rzMKvOQrc9at4tMpQxdNDSkuOoT8LUyyr9HNtDfCVjmTn3VJjNtNUurJ4j29jTaloOnanB+IsP39TVe/ND+MLRR9Zu7Q8X5RWUjFyacvJcfUnf3nKa+pLqTjcpaU75ZjpbXWret+8eDgtR4U1C2f4S54/TuR83xO6AM1U0G5L3TblQDhaVT7rp79MeDg6p5ZlCM48o2dOvb1n5ZHOVaVWG04NfkZLKX9pTVG1TNL1Kt6YaT/OM1lhSfqQvAjKSjBYzkw2svKKTuoukdIT21S1Kt5hsjKVv1hhAV5DK9/lFMlGS74I5V/E3+Rg9b4y+F6nzaqbRNSU3FOjI+zbUpz1SfUrOAkJYSrcnx284x3XtKT88jKpUK0n5YN/kZPZmnvH1xDFMro5wzHT+kzOOW8NVZgSykII+NunN5fWrwSvlHjiMKvrlrbv8Pc3Vpwvql/ulyL6mzvCZ6MXS3QS7GtbtUrvntS9Sg1hu67jl0JZpmeqKfKDKJRO+OYczhAGVd0czeapc3e0nsei6Pw7Z6VFP5pe5tA0gITgHPicRrDfJYOUCRACAEAIAQAgBAHWtzs8qUk4gst4RRKcYrcslcvS0pMOSU7elKknuUgesz7aVJJ6EpUoHrjbvi4retL+Bssu8s4d5r82aKeiD1p47Lh1p4imuOmd06o1CpepjsrbUxQmTKqrs0mXYbcn2lOvrzKGWalCnAJLjrgKvcIip29ZLPI1+RS72ylt4kf1N/pCsU2rMCZo9Ql5pon+Ul3wsH6pzmLE1Vi/lLsKlKfyST/M9kSXhACAEAIAQAgBACAEARNxD8I2mPERLM1CvzM9SbjkEKRSrsobiWZ+VBPN2ZUUlLzWerTgUk+R3jKtL65sZ5i9jT6lo9jqscVVv7o1U1D4auMTRd9ZXpnJ6n0Vs8yazZz6JSpBOT/K0+YWEqPTJZcOdzyjpHUUuILatjxFhnBX3B1/Qm5UYqUf6kYznExohQqmqgX9XZ2zqk2sIfkL1oUzS3G1n7mX2wlR+RI/ONnC4oTWVJP6HM1rS7pS5akGse62Mkp+pektWY7alaoW1MtDq4xWmFDf5K2PlGVCo2tuxZlTlNdhN3/pPIMF+f1Mt5hPct+ssITn5leInmiWfDn7GF3Bxg8K9An10dGq8nVJ5JIEhb7DlQmCQM45JdKjk93d0jHnUoU3mUjKp20qyxCDbL1adK42OIBCW+HjhHn6JTJgp7O8dVnvsmVQg/wA6mUwZl0Y3A5Rnx74wq+tWdtBqDyzb2nDWqXsOTk5I+7NiuGT0U9k2FetP1v4ob+mdU78kFdrTFVGWDNGojh35pKSyUhY6B5wqX0I5THMXerXV1lJ7HdaRwpY6YlKXmn9ext0y0loYSdifGNXKWd2dWoxUcR2OyBIgBgHqIAYHhAYRQISOiR+UAW25rPtG85BVLu+1KdV5VaSlctU5Ft9tST1BS4kgiKozlH5Xgtzo0qnzpP7rJFFw+jr4FLqfEzW+EHT1xSTlPZWtLNDPybSkRfV3cpY53+phz0vT5yzKnH9Dqovo2+AmgTfrtM4PdPELI3LlsMOjrnotJH8Ih3dzLvN/qTDTNPg8xpx/QlWz9O9P9P5FFMsOxaPRJdCeVEvSKW1LISPAJbSABFlzlLuzKhRpU/lil9kXkoSr4kg/MRSXRypxgJEMhbdioGIAQAgBACAEAcXVBIGe842ECmTXqWG+9RrO01oK7gvKvtyUuCQ3z7rdV+BCButXkBmK6NCvXniKMS9v7XTqfPXlsa739x03XV3nJLTejMUmWHwztTR28yoeIbBCEfUq+QjorXQ9/wAY4HUONpzWLSOPqyKrj1MvK8X1v3XfFUnys+805PrQ1jw7NBSgflG7p6fbUY+WK/Q5qrrWo3G86jb+5ZQ7SQAfUJbmPUqaTn5dIyVSwvKYNa7qVGuZ5OSp2QWnlXLSygBgAtAxPhN7MsqtkS09LyLwmqa4ZR3GA5JvKZUPqggxQ7Wm+8UXY3dan8kmvzM4srii1kshSGpO9FVGWR/wStDtwcdBz7OJ/eOPCNZW0e1rfLsb2z4r1S3+Z7ez3ZOOkPGJZV/zzVu3ekUKquK5Wu2mOaVmFHGEodOOVRzslYBPdmNHeaLcWseaG8Tt9G4otNQajWfJJ9s9iaGCFZI8BGnz6HVJb5OyBIgBACAEAIAQBTlTjGIBJLsOUeAgDx123qBc0iqmXHRJOfllghcvPSyHUKB6gpUCIqjOUHlMtVaNOtHE0n91kii5/R9cD14OF2v8JGnT6irmUpFqSzRJ8T2aBkxeV3crZTf6sxfhtl/hx/Q8NM9GnwC0ecTP0/g909Q6j4Su2mFj8lAj+EVdZdfzv9Sh6Vp/+HH9CUbH0l0r0zk0SGnWmdv0BlA91qi0ZiVSPo0lIixKrUn8zbMula29FLkglj2SMgKEK+JIPzEUNJl8dmj8A28oLbsMgJA2Ah3BWAEAIAQAgBAFCkHqIpccsAADpBRwCsVAQAgBACAEAIAQBRSsHERvkGK6w6q25pBp9P6gXK+RLyKfcZbI55h07IaTnvUogeXXujJtbatd3Cp0/UwdSvqGmWkqtZ/b7nzx1K4g7p1cul27LtnuZZUUyko2olmUbzs22D0HTJ6qPWPSrHSqNkkkt2eBatrtzqNRyqz2T2wWBV68wCVO7J2TgAYjO8D6Gu6qL7nEXiCdnScxRUpLGIrcpV7Gk8tlReKAMl1UVdJLGUR8Qg2U9sk97p/OHTcvdE9X6j2yR+u/jDwo/wArKlex9ypvNJ27SJ6f6EO5jLdvJRV5JI5HHiU+B6RX4LcMNbEK5aafN2Nm+CDjBfmq9L6I6hV0vCYHJQKhNry4FgEmWWon3hj4Cd+o32jiNe0dUV41Jfc9P4S4qlXqqzryz/KbdpW4VYJGI5NNNHpzzhYOyBIgBACAEAIAQAgAQD1gCnInwgByJ8Io5PqMIrFYEAIAQAgBACAEAIAQAgBACAEAIAQAgBACAEAdbqSVghWMdYlMLZ/c0q9LZfc7TU2fYMs+Qw8qZn5ltIPvqTyto/LmXt8o7Pg63jKpKo+6PIP2oX9anCjRT29TTH7bUo5WpzPkg4j0Lw1KrzN7HjHjtrDY+2v637hirkgT1D9wqtO8u5Vy4P3d8YiuNGE4vC3KZ1nLDz2I4u3Wq/LdvV2jSD8hOh6qSTEhJNJQAlhyblWHlOO9oSl1ImCS2tsAhSFIUoBQjmalzcUa7WPU7my06yubOM3Ll2ff7ZLhN8R1NYK2pS16lNqM+1LSrTJb53UreWzzrSTllQU2o9ksBxScKSlRPKM34mqdPmdNtmMtAqVrhU41orK+vtk9ulOuUlqvSZurydtVKlNyzyAhFTQhK3W3E87bnKDlJI6oO6SQMnfGXZ3rvNlHl+5rdZ0yppCTlUUs+xlX22PFf/Nxm8tM0fUP3BrefvOfREHGDWxHUTydsndNRpUy1VqPOOszcm8h+VcIxyuIUFJPjsoA474xruhSq2sk16GXY3tS3uo1YvDTR9fNH77ltT9LLb1Gk1AtVyiS06CE43caSo7d25MeJVqTpXE4rtk+r7Cu7mzp1PeKZk0WzMEAIAQAgBACAEAIAQAgBACAEAIAQAgBACAEAIAQAgBACAEAIAQAgBACAOt5KjnkTk4gn5kTF+bc1P8ASnaRz902BQtTafJqc+wJxbFQKU/Aw/ygLJ8A4lI/bjqeFb2FC5nCo8J9jzP9oukO7sIV4rPK9zR1VrqScFKvqMR6P4nLHmfY8OjYxk20ynswfwn+MPGXuOgOXs49y8nKMY8N4uRvFDYR0/MZZOn2LkfWXJ0Uxjt3QkOviWSHFhJykFWMnlJJGTt3YizN0Zy5jJlTr+BGMZNYKotBhDypluRaDinkuqWGgkqcAACycbqAAAPUAADpF1O15d8ExV1DElJ5RSWs2Ukm1tSVNYl0uOFxxEuwlAWs9VnlAyo95O574s05wpz8uxbrwurpYqSydnswfwn+MV+Mvcs9AVFsE/dV+RiFWi3hMnpeXbBZ78e9ibSnLhbbK5hCUtU5gAlUzNuEIYZQBupS3FJSAOpMWbm4hGhLLMzTtMle3sIRWXk+u/Dnp5OaS6C2TplUTmaoNryMjNnIP6ZthCXOn9IGPHK01UuJyXufUlhQdva06ftFIzeLJliAEAIAQAgBACAEAIAQAgBACAEAIAQAgBACAEAIAQAgBACAEAIAQAgBACAPBc9vUi7KBN2zX5JEzIz8utibYcGQ42tJSoHw2PWKozlTkpR9C1Xo07ik6c1lPY+dfENoBP8ADTdqabdSXVWvOvhug3U4j9ACT7srNKAwy+OgUrCHOoPNlI7zStbVzSVOfc8X4j4ZradXbpx/CfqWE2Q3yhY5twNsg/xjd+Mcx0qKexKPwq/OJ8VjpV7D2JR+FUPFY6Vew9iUfhVDxWOlXsPYlH4VQ8VjpV7D2JR+FX5w8VjpV7Fh1GrGnukVsu3lqRcctSpBo4Dsysc7yu5ttA95xZOwSkEmKfG8LM2QrepOahGJKHo/uDS/NatTaVxc8RFnzNv2xQHUzemVhVNrkmnXynCavUGz/JqCSewYPvIyFnBxHG6vrLuM0qb+56hwpwy7eormtHGOx9DGxkJz1xmOYWVnJ6NlZeDsiSBACAEAIAQAgBACAEAIAQAgBACAEAIAQAgBACAEAIAQAgBACAEAIAQAgBADAPUQB4rgt6g3TRJq3LlokpUJCdYU1NyU9LJdZfQRgpWhQIUD4GJi5ReYlFSEKkHGayjVLUr0Zs9Q1rq/CdqwbVQSVex1ysLqNGJP3WSVCYkwd9kLUgZ2RG9tNer28eSrucdqfCNveea28j/oQ3dth8ZWlMyqV1B4QqlX5dvmC61prVmKkwsdxTLulqZST+HkPzMbqhrVlPuchc8L6tZPPLzL3Rh9T4m9N7SUZbUG0b5td5CcvtXDYNRlw0fBThZKPyURGzp1aFZZpvJp7mzuKTWY4yWtXG9wuLQOwv2YfUfgaZoM2taj/RAb3MXU3HdPBYjGtSfNI9lO4hKleSlSejPDPq1ekwpGeen2HMy0uCemXppLaE/POIxK11awf4lQ2FGx1K7/AHMTMrV4ZPSYa5uFFP02tPR2lOf+srwqKatVCnxRKSh7JJ78LcEauvr1vR/c7nQWXB99Uf47wT7w3ein0M0VvGT1l1TrtU1S1ClTzM3ReSkrakV+MlJp/Qyo8CApf9KNBfa3dXm3ZfQ6/T+G7HT2p95fU2kRyknYZ+Ua3DxudGlhHIJSBgADHTEAVgBACAEAIAQAgBACAEAIAQAgBACAEAIAQAgBACAEAIAQAgBACAEAIAQAgBACAEAIAQAgBACAEAIAQAgBACAEAIAQAgBACAEAIAQAgBACAEAIA//Z\"></div><div style=\"text-align: left;\"><p><br></p><p>Menurut Dalkir (2011, p.38) Fungsi atau teori <em>Knowledge Management System</em> memiliki enam langkah cycle. Berikut merupakan <em>cycle</em> dari <em>Knowledge Management System</em>:</p>\r\n<ol><li>\r\n<p><strong><em>Create Knowledge</em></strong><br>\r\nPengetahuan tercipta sebagaimana orang menentukan cara untuk melakukan \r\nseuatu atau mengembangkan keahlian. Terkadang pengetahuan dari luar \r\ntelah membawa masuk.</p>\r\n</li><li>\r\n<p><strong><em>Capture Knowledge</em></strong><br>\r\nPengetahuan yang baru haruslah teridentifikasi sebagai sesuatu yang bernilai dan terwakili dengan cara yang wajar.</p>\r\n</li><li>\r\n<p><strong><em>Refine Knowledge</em></strong><br>\r\nPengetahuan baru haruslah ditempatkan dalam suatu konteks sehingga dapat\r\n ditindaklanjuti. Disinilah wawasan manusia harus dapat ditangkap.</p>\r\n</li><li>\r\n<p><strong><em>Store Knowledge</em></strong><br>\r\nPengetahuan yang dapat berguna kemudian harus dapat tersimpan dalam \r\nformat yang wajar pada repository yang ada sehingga orang lain dalam \r\norganisasi dapat mengaksesnya.</p>\r\n</li><li>\r\n<p><strong><em>Manage Knowledge</em></strong><br>\r\nSeperti halnya perpustakaan, pengetahuan harus tetap terjaga dan \r\ntersimpan hingga saat ini. Ini harus ditinjau kembali untuk dapat \r\nmemverifikasi bahwa hal tersebut relevan dan akurat.</p>\r\n</li><li>\r\n<p><strong><em>Disseminate Knowledge</em></strong><br>\r\nPengetahuan yang telah tersimpan dengan baik dan sudah terverifikasi \r\nsecara keseluruhan dapat mulai dilakukan sosialisasi ataupun \r\nmenyebarluaskan pengetahuan dalam organisasi.</p>\r\n</li></ol></div>', 'Valid', '2018-09-24 13:37:05'),
(8, 4, '123', '<p>123123123123<br></p>', 'Valid', '2018-11-16 19:58:07');

--
-- Indexes for dumped tables
--

--
-- Indexes for table `explicit`
--
ALTER TABLE `explicit`
  ADD PRIMARY KEY (`id_explicit`),
  ADD KEY `id_pengguna` (`id_pengguna`);

--
-- Indexes for table `komentar_explicit`
--
ALTER TABLE `komentar_explicit`
  ADD PRIMARY KEY (`id_komentar_explicit`),
  ADD KEY `id_pengguna` (`id_pengguna`),
  ADD KEY `id_explicit` (`id_explicit`);

--
-- Indexes for table `komentar_tacit`
--
ALTER TABLE `komentar_tacit`
  ADD PRIMARY KEY (`id_komentar_tacit`),
  ADD KEY `id_pengguna` (`id_pengguna`),
  ADD KEY `id_tacit` (`id_tacit`);

--
-- Indexes for table `pengguna`
--
ALTER TABLE `pengguna`
  ADD PRIMARY KEY (`id_pengguna`),
  ADD UNIQUE KEY `nip` (`nip`);

--
-- Indexes for table `tacit`
--
ALTER TABLE `tacit`
  ADD PRIMARY KEY (`id_tacit`),
  ADD KEY `id_pengguna` (`id_pengguna`);

--
-- AUTO_INCREMENT for dumped tables
--

--
-- AUTO_INCREMENT for table `explicit`
--
ALTER TABLE `explicit`
  MODIFY `id_explicit` int(11) NOT NULL AUTO_INCREMENT, AUTO_INCREMENT=7;
--
-- AUTO_INCREMENT for table `komentar_explicit`
--
ALTER TABLE `komentar_explicit`
  MODIFY `id_komentar_explicit` int(11) NOT NULL AUTO_INCREMENT, AUTO_INCREMENT=7;
--
-- AUTO_INCREMENT for table `komentar_tacit`
--
ALTER TABLE `komentar_tacit`
  MODIFY `id_komentar_tacit` int(11) NOT NULL AUTO_INCREMENT, AUTO_INCREMENT=86;
--
-- AUTO_INCREMENT for table `pengguna`
--
ALTER TABLE `pengguna`
  MODIFY `id_pengguna` int(11) NOT NULL AUTO_INCREMENT, AUTO_INCREMENT=6;
--
-- AUTO_INCREMENT for table `tacit`
--
ALTER TABLE `tacit`
  MODIFY `id_tacit` int(11) NOT NULL AUTO_INCREMENT, AUTO_INCREMENT=9;
--
-- Constraints for dumped tables
--

--
-- Constraints for table `explicit`
--
ALTER TABLE `explicit`
  ADD CONSTRAINT `explicit_ibfk_1` FOREIGN KEY (`id_pengguna`) REFERENCES `pengguna` (`id_pengguna`) ON DELETE CASCADE ON UPDATE CASCADE;

--
-- Constraints for table `komentar_explicit`
--
ALTER TABLE `komentar_explicit`
  ADD CONSTRAINT `komentar_explicit_ibfk_1` FOREIGN KEY (`id_pengguna`) REFERENCES `pengguna` (`id_pengguna`) ON DELETE CASCADE ON UPDATE CASCADE,
  ADD CONSTRAINT `komentar_explicit_ibfk_2` FOREIGN KEY (`id_explicit`) REFERENCES `explicit` (`id_explicit`) ON DELETE CASCADE ON UPDATE CASCADE;

--
-- Constraints for table `komentar_tacit`
--
ALTER TABLE `komentar_tacit`
  ADD CONSTRAINT `komentar_tacit_ibfk_1` FOREIGN KEY (`id_pengguna`) REFERENCES `pengguna` (`id_pengguna`) ON DELETE CASCADE ON UPDATE CASCADE,
  ADD CONSTRAINT `komentar_tacit_ibfk_2` FOREIGN KEY (`id_tacit`) REFERENCES `tacit` (`id_tacit`) ON DELETE CASCADE ON UPDATE CASCADE;

--
-- Constraints for table `tacit`
--
ALTER TABLE `tacit`
  ADD CONSTRAINT `tacit_ibfk_1` FOREIGN KEY (`id_pengguna`) REFERENCES `pengguna` (`id_pengguna`) ON DELETE CASCADE ON UPDATE CASCADE;

/*!40101 SET CHARACTER_SET_CLIENT=@OLD_CHARACTER_SET_CLIENT */;
/*!40101 SET CHARACTER_SET_RESULTS=@OLD_CHARACTER_SET_RESULTS */;
/*!40101 SET COLLATION_CONNECTION=@OLD_COLLATION_CONNECTION */;
